[{"@type":"mappingTemplate","id":"@1","name":"m_Scorecard_mapping","description":"Mapping used to trigger a scorecard notification by dropping null values below threshold","bundleVersion":"0","templateId":"@3","deployTime":1716927741000,"hasParameters":false,"valid":true,"fixedConnection":true,"hasParametersDeployed":false,"fixedConnectionDeployed":true,"isSchemaValidationEnabled":false,"tasks":0,"mappingPreviewFileRecordId":"@2","documentType":"MAPPING","references":[{"@type":"reference","refObjectId":"@0506hcfGNYFivrfmS6a3it","refType":"connection"}]}]