[{"@type":"mappingTemplate","id":"@1","name":"create_stream_tgt","description":"","bundleVersion":"0","templateId":"@3","deployTime":1718668751000,"hasParameters":false,"valid":true,"fixedConnection":true,"hasParametersDeployed":false,"fixedConnectionDeployed":true,"isSchemaValidationEnabled":false,"tasks":0,"mappingPreviewFileRecordId":"@2","documentType":"MAPPING","references":[{"@type":"reference","refObjectId":"@7vlsSfp8GKkfSH8gv6Zt09","refType":"connection"},{"@type":"reference","refObjectId":"@6GRxFRdH8bylRS9tz3LNgX","refType":"connection"}]}]